{"cameraMode":{"drawMode":0,"name":"Shaded","section":"Shading Mode"},"sceneLighting":true,"audioPlay":false,"sceneViewState":{"showFog":true,"showMaterialUpdate":false,"showSkybox":true,"showFlares":true,"showImageEffects":true,"showParticleSystems":true},"in2DMode":false,"pivot":{"x":9.596035957336426,"y":-6.68449592590332,"z":-12.794075012207032},"rotation":{"x":0.07403990626335144,"y":0.9156110882759094,"z":-0.19832558929920197,"w":0.34182068705558779},"size":23.334524154663087,"orthographic":false}