{"cameraMode":{"drawMode":0,"name":"Shaded","section":"Shading Mode"},"sceneLighting":true,"audioPlay":false,"sceneViewState":{"showFog":true,"showMaterialUpdate":true,"showSkybox":true,"showFlares":true,"showImageEffects":true,"showParticleSystems":true},"in2DMode":false,"pivot":{"x":-34.71122360229492,"y":26.327707290649415,"z":-37.918373107910159},"rotation":{"x":0.29248368740081789,"y":0.3635169267654419,"z":-0.12135623395442963,"w":0.8761172294616699},"size":23.334524154663087,"orthographic":false}