{"cameraMode":{"drawMode":0,"name":"Shaded","section":"Shading Mode"},"sceneLighting":false,"audioPlay":false,"sceneViewState":{"showFog":true,"showMaterialUpdate":true,"showSkybox":false,"showFlares":true,"showImageEffects":true,"showParticleSystems":true},"in2DMode":false,"pivot":{"x":1.9518711566925049,"y":-1.0286625623703004,"z":4.890487194061279},"rotation":{"x":0.14328217506408692,"y":0.2143237292766571,"z":-0.031799811869859698,"w":0.96567302942276},"size":9.145228385925293,"orthographic":false}