{"cameraMode":{"drawMode":0,"name":"Shaded","section":"Shading Mode"},"sceneLighting":false,"audioPlay":false,"sceneViewState":{"showFog":true,"showMaterialUpdate":true,"showSkybox":false,"showFlares":true,"showImageEffects":true,"showParticleSystems":true},"in2DMode":false,"pivot":{"x":4.572598457336426,"y":-2.51143479347229,"z":-1.1080901622772217},"rotation":{"x":0.16008341312408448,"y":0.67987060546875,"z":-0.15581907331943513,"w":0.6984767913818359},"size":10.940723419189454,"orthographic":false}