{"cameraMode":{"drawMode":0,"name":"Shaded","section":"Shading Mode"},"sceneLighting":true,"audioPlay":false,"sceneViewState":{"showFog":true,"showMaterialUpdate":true,"showSkybox":true,"showFlares":true,"showImageEffects":true,"showParticleSystems":true},"in2DMode":false,"pivot":{"x":136.49302673339845,"y":101.47960662841797,"z":-84.07229614257813},"rotation":{"x":-0.25138387084007265,"y":0.04556049779057503,"z":-0.011846938170492649,"w":-0.9667431116104126},"size":4.957884311676025,"orthographic":false}