{"cameraMode":{"drawMode":0,"name":"Shaded","section":"Shading Mode"},"sceneLighting":true,"audioPlay":false,"sceneViewState":{"showFog":true,"showMaterialUpdate":true,"showSkybox":true,"showFlares":true,"showImageEffects":true,"showParticleSystems":true},"in2DMode":false,"pivot":{"x":43.84839630126953,"y":12.18419075012207,"z":5.719130992889404},"rotation":{"x":-0.28847751021385195,"y":0.3319608271121979,"z":-0.10740148276090622,"w":-0.8916711211204529},"size":5.8416595458984379,"orthographic":false}