{"cameraMode":{"drawMode":0,"name":"Shaded","section":"Shading Mode"},"sceneLighting":true,"audioPlay":false,"sceneViewState":{"showFog":true,"showMaterialUpdate":true,"showSkybox":true,"showFlares":true,"showImageEffects":true,"showParticleSystems":true},"in2DMode":false,"pivot":{"x":3.063786506652832,"y":2.2956371307373049,"z":1.172865867614746},"rotation":{"x":-0.02905116230249405,"y":0.9616564512252808,"z":-0.24852295219898225,"w":-0.11244910210371018},"size":11.433055877685547,"orthographic":false}