{"cameraMode":{"drawMode":0,"name":"Shaded","section":"Shading Mode"},"sceneLighting":true,"audioPlay":false,"sceneViewState":{"showFog":true,"showMaterialUpdate":true,"showSkybox":true,"showFlares":true,"showImageEffects":true,"showParticleSystems":true},"in2DMode":false,"pivot":{"x":26.83183479309082,"y":9.296688079833985,"z":5.2348151206970219},"rotation":{"x":-0.30261266231536868,"y":0.3131091594696045,"z":-0.1059928759932518,"w":-0.8939709663391113},"size":5.8416595458984379,"orthographic":false}